<?xml version="1.0" encoding="UTF-8"?>
<project-private xmlns="http://www.netbeans.org/ns/project-private/1">
    <editor-bookmarks xmlns="http://www.netbeans.org/ns/editor-bookmarks/2" lastBookmarkId="0"/>
    <open-files xmlns="http://www.netbeans.org/ns/projectui-open-files/2">
        <group>
            <file>file:/E:/WPR%20281/Assignments%20and%20stuff/Monique_Scheurwater_Ass2_WPR281/public_html/Hogwarts_css.css</file>
            <file>file:/E:/WPR%20281/Assignments%20and%20stuff/Monique_Scheurwater_Ass2_WPR281/public_html/Hogwarts_js.js</file>
        </group>
    </open-files>
</project-private>
